Benchmark,Reuse %,Trivial %,Genetic Predictor Accuracy %,Value Predictor Accuracy %
blackscholes,41.35,0.05,7.89474,26.3309
bodytrack,42.14,0.15,49.3113,39.0702
canneal,41.70,0.12,64.9378,35.9314
dedup,54.45,0.00,2.63158,3.16315
facesim,42.42,0.09,51.7724,41.3628
ferret,41.21,0.02,6.52174,26.9987
fluidanimate,41.36,0.13,57.9114,39.5235
streamcluster,41.21,0.11,43.2432,40.4372
swaptions,41.41,0.12,58.2781,43.7879
