Benchmark,Reuse %,Trivial %,Genetic Predictor Accuracy %,Value Predictor Accuracy %
blackscholes,41.43,0.05,7.69231,7.69231
26.4286
bodytrack,42.11,0.11,49.3113,49.3113
39.2218
canneal,41.61,0.11,64.6694,64.6694
36
dedup,=
=,63.74,2.63158,2.63158
2.48488
facesim,42.38,0.08,51.8519,51.8519
41.4699
ferret,41.31,0.02,8.51064,8.51064
27.2494
fluidanimate,41.30,0.14,57.9114,57.9114
39.4161
streamcluster,41.19,0.10,42.953,42.953
40.3991
swaptions,41.39,0.11,58.2781,58.2781
43.6966
